{
  "best_lr": 0.01,
  "best_batch_size": 16,
  "final_test_accuracy": 0.8866666666666667,
  "final_test_metrics": {
    "Accuracy": 0.8866666666666667,
    "Precision": 0.8536585365853658,
    "Recall": 0.9333333333333333,
    "F1": 0.8917197452229298,
    "ROC_AUC": 0.9413333333333334
  },
  "weights": [
    0.25132281411331314,
    2.217767448527706
  ],
  "bias": -0.10857483590347115
}